[{"bookname":"book1","author":"author1","studentname":"student1"},{"bookname":"book2","author":"author2","studentname":"student2"},{"bookname":"book3","author":"author3","studentname":"student3"},{"bookname":"book4","author":"author4","studentname":"student4"},{"bookname":"book5","author":"author5","studentname":"student5"},{"bookname":"book2","author":"author2","studentname":"student2"},{"bookname":"book4","author":"author4","studentname":"student4"},{"bookname":"book5","author":"author5","studentname":"student5"},{"bookname":"book1","author":"author1","studentname":"student1"},{"bookname":"book3","author":"author3","studentname":"student3"},{"bookname":"book1","author":"author1","studentname":"student1"},{"bookname":"book1","author":"author1","studentname":"student1"},{"bookname":"book1","author":"author1","studentname":"student1"},{"bookname":"book2","author":"author2","studentname":"student2"},{"bookname":"book3","author":"author3","studentname":"student3"},{"bookname":"book4","author":"author4","studentname":"student4"},{"bookname":"book5","author":"author5","studentname":"student5"},{"bookname":"book1","author":"author1","studentname":"student1"},{"bookname":"book2","author":"author2","studentname":"student2"},{"bookname":"book3","author":"author3","studentname":"student3"},{"bookname":"book4","author":"author4","studentname":"student4"},{"bookname":"book5","author":"author5","studentname":"student5"},{"bookname":"book1","author":"author1","studentname":"student1"},{"bookname":"book2","author":"author2","studentname":"student2"},{"bookname":"book3","author":"author3","studentname":"student3"},{"bookname":"book4","author":"author4","studentname":"student4"},{"bookname":"book5","author":"author5","studentname":"student5"},{"bookname":"book1","author":"author1","studentname":"student1"},{"bookname":"book2","author":"author2","studentname":"student2"},{"bookname":"book3","author":"author3","studentname":"student3"},{"bookname":"book4","author":"author4","studentname":"student4"},{"bookname":"book5","author":"author5","studentname":"student5"},{"bookname":"book2","author":"author2","studentname":"student2"},{"bookname":"book3","author":"author3","studentname":"student3"},{"bookname":"book4","author":"author4","studentname":"student4"},{"bookname":"book5","author":"author5","studentname":"student5"},{"bookname":"book1","author":"author1","studentname":"student1"},{"bookname":"book1","author":"author1","studentname":"student1"},{"bookname":"book2","author":"author2","studentname":"student2"},{"bookname":"book3","author":"author3","studentname":"student3"},{"bookname":"book4","author":"author4","studentname":"student4"},{"bookname":"book5","author":"author5","studentname":"student5"},{"bookname":"book2","author":"author2","studentname":"student2"},{"bookname":"book3","author":"author3","studentname":"student3"},{"bookname":"book4","author":"author4","studentname":"student4"},{"bookname":"book5","author":"author5","studentname":"student5"},{"bookname":"book1","author":"author1","studentname":"student1"},{"bookname":"book1","author":"author1","studentname":"student1"},{"bookname":"book2","author":"author2","studentname":"student2"},{"bookname":"book3","author":"author3","studentname":"student3"},{"bookname":"book4","author":"author4","studentname":"student4"},{"bookname":"book5","author":"author5","studentname":"student5"},{"bookname":"book4","author":"author4","studentname":"student4"},{"bookname":"book1","author":"author1","studentname":"student1"},{"bookname":"book5","author":"author5","studentname":"student5"},{"bookname":"book4","author":"author4","studentname":"student4"},{"bookname":"book3","author":"author3","studentname":"student3"},{"bookname":"book2","author":"author2","studentname":"student2"},{"bookname":"book1","author":"author1","studentname":"student1"},{"bookname":"book1","author":"author1","studentname":"student1"},{"bookname":"book1","author":"author1","studentname":"student1"},{"bookname":"book1","author":"author1","studentname":"student1"},{"bookname":"book1","author":"author1","studentname":"student1"},{"bookname":"book1","author":"author1","studentname":"student1"},{"bookname":"book1","author":"author1","studentname":"student1"},{"bookname":"book1","author":"author1","studentname":"student1"},{"bookname":"book1","author":"author1","studentname":"student1"},{"bookname":"book1","author":"author1","studentname":"student1"},{"bookname":"book2","author":"author2","studentname":"student2"},{"bookname":"book2","author":"author2","studentname":"student2"},{"bookname":"book2","author":"author2","studentname":"student2"},{"bookname":"book2","author":"author2","studentname":"student2"},{"bookname":"book2","author":"author2","studentname":"student2"},{"bookname":"book2","author":"author2","studentname":"student2"},{"bookname":"book2","author":"author2","studentname":"student2"},{"bookname":"book2","author":"author2","studentname":"student2"},{"bookname":"book2","author":"author2","studentname":"student2"},{"bookname":"book2","author":"author2","studentname":"student2"},{"bookname":"book2","author":"author2","studentname":"student2"},{"bookname":"book3","author":"author3","studentname":"student3"},{"bookname":"book3","author":"author3","studentname":"student3"},{"bookname":"book3","author":"author3","studentname":"student3"},{"bookname":"book3","author":"author3","studentname":"student3"},{"bookname":"book3","author":"author3","studentname":"student3"},{"bookname":"book3","author":"author3","studentname":"student3"},{"bookname":"book3","author":"author3","studentname":"student3"},{"bookname":"book3","author":"author3","studentname":"student3"},{"bookname":"book3","author":"author3","studentname":"student3"},{"bookname":"book3","author":"author3","studentname":"student3"},{"bookname":"book3","author":"author3","studentname":"student3"},{"bookname":"book4","author":"author4","studentname":"student4"},{"bookname":"book4","author":"author4","studentname":"student4"},{"bookname":"book4","author":"author4","studentname":"student4"},{"bookname":"book4","author":"author4","studentname":"student4"},{"bookname":"book4","author":"author4","studentname":"student4"},{"bookname":"book4","author":"author4","studentname":"student4"},{"bookname":"book4","author":"author4","studentname":"student4"},{"bookname":"book4","author":"author4","studentname":"student4"},{"bookname":"book4","author":"author4","studentname":"student4"},{"bookname":"book4","author":"author4","studentname":"student4"},{"bookname":"book4","author":"author4","studentname":"student4"},{"bookname":"book4","author":"author4","studentname":"student4"},{"bookname":"book5","author":"author5","studentname":"student5"},{"bookname":"book5","author":"author5","studentname":"student5"},{"bookname":"book5","author":"author5","studentname":"student5"},{"bookname":"book5","author":"author5","studentname":"student5"},{"bookname":"book5","author":"author5","studentname":"student5"},{"bookname":"book5","author":"author5","studentname":"student5"},{"bookname":"book5","author":"author5","studentname":"student5"},{"bookname":"book5","author":"author5","studentname":"student5"},{"bookname":"book5","author":"author5","studentname":"student5"},{"bookname":"book5","author":"author5","studentname":"student5"},{"bookname":"book1","author":"author1","studentname":"student1"},{"bookname":"book1","author":"author1","studentname":"student1"},{"bookname":"book5","author":"author5","studentname":"student5"}]